col1,col2,col3
X,10,-1.59503279266268
X,9,-0.810126613051727
y,8,-0.0458064078105132
y,7,-0.893957558716817
y,6,0.788687386819641
y,5,0.721577657711035
z,4,1.90873622086724
z,3,-0.88607985597777
z,2,1.57376748057069
y,1,-0.549343218288919
